-- MySQL dump 10.13  Distrib 5.7.19, for Win64 (x86_64)
--
-- Host: localhost    Database: mridhu
-- ------------------------------------------------------
-- Server version	5.7.19-log

/*!40101 SET @OLD_CHARACTER_SET_CLIENT=@@CHARACTER_SET_CLIENT */;
/*!40101 SET @OLD_CHARACTER_SET_RESULTS=@@CHARACTER_SET_RESULTS */;
/*!40101 SET @OLD_COLLATION_CONNECTION=@@COLLATION_CONNECTION */;
/*!40101 SET NAMES utf8 */;
/*!40103 SET @OLD_TIME_ZONE=@@TIME_ZONE */;
/*!40103 SET TIME_ZONE='+00:00' */;
/*!40014 SET @OLD_UNIQUE_CHECKS=@@UNIQUE_CHECKS, UNIQUE_CHECKS=0 */;
/*!40014 SET @OLD_FOREIGN_KEY_CHECKS=@@FOREIGN_KEY_CHECKS, FOREIGN_KEY_CHECKS=0 */;
/*!40101 SET @OLD_SQL_MODE=@@SQL_MODE, SQL_MODE='NO_AUTO_VALUE_ON_ZERO' */;
/*!40111 SET @OLD_SQL_NOTES=@@SQL_NOTES, SQL_NOTES=0 */;

--
-- Table structure for table `brocorner`
--

DROP TABLE IF EXISTS `brocorner`;
/*!40101 SET @saved_cs_client     = @@character_set_client */;
/*!40101 SET character_set_client = utf8 */;
CREATE TABLE `brocorner` (
  `username` varchar(20) NOT NULL,
  `friend` varchar(20) NOT NULL
) ENGINE=InnoDB DEFAULT CHARSET=utf8;
/*!40101 SET character_set_client = @saved_cs_client */;

--
-- Dumping data for table `brocorner`
--

LOCK TABLES `brocorner` WRITE;
/*!40000 ALTER TABLE `brocorner` DISABLE KEYS */;
INSERT INTO `brocorner` VALUES ('mridhu','meghna'),('meghna','mridhu'),('mridhu','vaibhav'),('vaibhav','mridhu'),('saikripa','mridhu'),('mridhu','saikripa'),('mridhu','soumok'),('soumok','mridhu'),('meghna','soumok'),('soumok','meghna'),('meghna','mridhula'),('mridhula','meghna'),('mridhula','srinidhi'),('srinidhi','mridhula');
/*!40000 ALTER TABLE `brocorner` ENABLE KEYS */;
UNLOCK TABLES;

--
-- Table structure for table `courses`
--

DROP TABLE IF EXISTS `courses`;
/*!40101 SET @saved_cs_client     = @@character_set_client */;
/*!40101 SET character_set_client = utf8 */;
CREATE TABLE `courses` (
  `coursename` varchar(30) NOT NULL,
  PRIMARY KEY (`coursename`)
) ENGINE=InnoDB DEFAULT CHARSET=utf8;
/*!40101 SET character_set_client = @saved_cs_client */;

--
-- Dumping data for table `courses`
--

LOCK TABLES `courses` WRITE;
/*!40000 ALTER TABLE `courses` DISABLE KEYS */;
INSERT INTO `courses` VALUES ('Analog Ece2003'),('Circuit thoeryEcm1001'),('Dbms Cse2004'),('Digital Logic Ece2002'),('Discrete maths Mat1014'),('Dsa Ecm1002'),('Oops CSE1002'),('Probability Ece2005'),('semiconductor Ece1003'),('signals and systemsEce2004'),('Web of thingsEcm1004');
/*!40000 ALTER TABLE `courses` ENABLE KEYS */;
UNLOCK TABLES;

--
-- Table structure for table `db1`
--

DROP TABLE IF EXISTS `db1`;
/*!40101 SET @saved_cs_client     = @@character_set_client */;
/*!40101 SET character_set_client = utf8 */;
CREATE TABLE `db1` (
  `seats` int(10) DEFAULT NULL
) ENGINE=InnoDB DEFAULT CHARSET=utf8;
/*!40101 SET character_set_client = @saved_cs_client */;

--
-- Dumping data for table `db1`
--

LOCK TABLES `db1` WRITE;
/*!40000 ALTER TABLE `db1` DISABLE KEYS */;
INSERT INTO `db1` VALUES (50);
/*!40000 ALTER TABLE `db1` ENABLE KEYS */;
UNLOCK TABLES;

--
-- Table structure for table `details`
--

DROP TABLE IF EXISTS `details`;
/*!40101 SET @saved_cs_client     = @@character_set_client */;
/*!40101 SET character_set_client = utf8 */;
CREATE TABLE `details` (
  `username` varchar(20) NOT NULL,
  `name` varchar(20) NOT NULL,
  `domainid` varchar(20) NOT NULL,
  `specialization` varchar(20) NOT NULL,
  `address` varchar(30) NOT NULL,
  PRIMARY KEY (`username`)
) ENGINE=InnoDB DEFAULT CHARSET=utf8;
/*!40101 SET character_set_client = @saved_cs_client */;

--
-- Dumping data for table `details`
--

LOCK TABLES `details` WRITE;
/*!40000 ALTER TABLE `details` DISABLE KEYS */;
INSERT INTO `details` VALUES ('meghna','meghna','16BCE1395','CSE','gujarat'),('mridhu','mridhula','16BLC1024','ECM','F1 kgeyes udita Besantnagar'),('mridhula','mridhula','16BLC1024','ECM','Besant nagar'),('mridu','Mridhula','16BLC1024','ECM','BSEANT NAGAR'),('saikripa','sai kripa','16BEE1034','EEE','indra nagar'),('soumok','soumok','16BCE1184','CSE','chennai'),('srinidhi','srinidhi','16bec1228','ece','mambalam'),('vaibhav','vaibhav','1624','CSE','Besantnagar chennai'),('vetrivelan','vetrivelan','23','4','5');
/*!40000 ALTER TABLE `details` ENABLE KEYS */;
UNLOCK TABLES;

--
-- Table structure for table `domains`
--

DROP TABLE IF EXISTS `domains`;
/*!40101 SET @saved_cs_client     = @@character_set_client */;
/*!40101 SET character_set_client = utf8 */;
CREATE TABLE `domains` (
  `domain_name` varchar(20) NOT NULL,
  `role` varchar(20) NOT NULL,
  `location` varchar(20) NOT NULL,
  PRIMARY KEY (`domain_name`)
) ENGINE=InnoDB DEFAULT CHARSET=utf8;
/*!40101 SET character_set_client = @saved_cs_client */;

--
-- Dumping data for table `domains`
--

LOCK TABLES `domains` WRITE;
/*!40000 ALTER TABLE `domains` DISABLE KEYS */;
INSERT INTO `domains` VALUES ('Bits','student','pliani'),('vit','student','chennai');
/*!40000 ALTER TABLE `domains` ENABLE KEYS */;
UNLOCK TABLES;

--
-- Table structure for table `friendrequests`
--

DROP TABLE IF EXISTS `friendrequests`;
/*!40101 SET @saved_cs_client     = @@character_set_client */;
/*!40101 SET character_set_client = utf8 */;
CREATE TABLE `friendrequests` (
  `sender` varchar(20) DEFAULT NULL,
  `receiver` varchar(20) DEFAULT NULL
) ENGINE=InnoDB DEFAULT CHARSET=utf8;
/*!40101 SET character_set_client = @saved_cs_client */;

--
-- Dumping data for table `friendrequests`
--

LOCK TABLES `friendrequests` WRITE;
/*!40000 ALTER TABLE `friendrequests` DISABLE KEYS */;
INSERT INTO `friendrequests` VALUES ('mridhula','soumok'),('mridhu','srinidhi');
/*!40000 ALTER TABLE `friendrequests` ENABLE KEYS */;
UNLOCK TABLES;

--
-- Table structure for table `image`
--

DROP TABLE IF EXISTS `image`;
/*!40101 SET @saved_cs_client     = @@character_set_client */;
/*!40101 SET character_set_client = utf8 */;
CREATE TABLE `image` (
  `id` varchar(20) DEFAULT NULL,
  `image` longblob
) ENGINE=InnoDB DEFAULT CHARSET=utf8;
/*!40101 SET character_set_client = @saved_cs_client */;

--
-- Dumping data for table `image`
--

LOCK TABLES `image` WRITE;
/*!40000 ALTER TABLE `image` DISABLE KEYS */;
INSERT INTO `image` VALUES ('mridhu','\\\0JFIF\0\0\0\0\0\0\\0\0	\Z\Z\Z( \Z\Z%\"1!%)+...383-7(-.+\n\n\n\r\Z-------------------------------------------+-------\0\0\"\0\\0\0\0\0\0\0\0\0\0\0\0\0\0\0\\08\0\0\0\0\0!1AQaq\"\\2BR#3br\\0\Z\0\0\0\0\0\0\0\0\0\0\0\0\0\\0$\0\0\0\0\0\0\0\0!1A\"Qa$\\0\0\0?\0$|6\DX\]\G\\`;[\BsS\\r\{\\I1\Z@fms\~\\>\n9s\ϒSB\`{ͣH\~^\I/^ʑ\U\0\rO\RMϚi\.\"$ͅvjP!@hb X\\ZŴ\\	\\j\Z\0t}Û5\\`L-/\a;\0\n4z]2@3	\rDnb\*9\\6Ӥh\\a29J\rbʖ\\B\ƖW\"&ӧ-y\s4Lh{\(\n+V\V\r}QB$\-\\/{蠀&v\DB\vb\L\\m%R^\S\0>y>:ZtSTXj\i\$?db\jbFb\9\w4\pcQb L\r5\ܑ![\\X. jG-Н=|cmȷl9m(ĠбѲ\S\{\<\o\\n!~h\'ˠUw}-\r\}\\QuO|\\<U\\H\ZwwU@\r:[e&\\neCwQ\\H| ϠQ]\0\\\\}z*	FsU\è[d:HT!8w\\T{51ZoCslsa\*Bjd&\.\\/tBs5vM:~\NRŸA\Z\\\\˚\HS@4C-d:Ƃu\U𽮉	`]<v\\E\!Ę\0	$@\"8[f\C\\\"\moC\rEpUV)|\\u\s?e\r7;vߟ\RC\\f\ӠUɷM([\߿\\\\\"@S\")3&+J\m@!\T5Bb:\eȍ^\\F>,B]\Zbz\RPBoj-l:\\\n!B;\{\.D\"2@H\\P.j\"B$\}.b\A{a1\\\4ʎGv񷪣Ģ\~ȎB\6UDT\\DhSe{~TV>\Sy\WX߰T\\,\\&\^\&\yڔҕX*SN5\r\}\\F%9*UUõ\0\\	\VhX\s)Z\@ePHL9n#LD.\Bc$h\\\BG\o~SEꅨ(\Z\G\\!mqQZ:i>\\Ь\\\VZlO\eq8\\\ۦQؐU=IҔΎ,\\r\n9\\\\\Ś\k5+V{h=j\\\b\fUbZgUVVz*dXj{6\\'\Brj+(ApM \od\\ӈв\\\\"3I\0-T`\\C\FlkI	XʆI?r~&-\n+m\꺎M#yzpVCU*\\X\\@Z+/7C\1m֎t\\\:=-*\\VdTY\\\/c>Y\L\£5Z\ƩggS\EЈNTb\"\T	\N:F\\5vsP\\Âڎ,˒Nji\6&)w7\\\\rɩrj3\04)j4\	B[\	o@\\yo4\*дp\\G\\!SG3c\\xlGഩW^g\rZTq\Z,\NXǫ8(\L5G[[dOb49;\U\\n\.*%$\n\Z	)]nfv5R{P\B@U\\BjB,ŜU\\N<{\pMFia\r\LBd\0E\LB\MCv\rTh\"S7ە\%YN6=\-J\\\vtF\Vƹ\\VNP(b\k,Ωcf\\'M\rB#\\\0!\\km6\\NIK;%n.E\B\I+\5rYV]\E4VE+BЩ{0g2\RKʁ.\sU\\Ѭ\rvF-Bs@\99D^ yQu\\\r\j\0Ε\Z!tO\Y\Z:\Au\\:%V\0B*\\k@J	\UN\K f\(%0f\O\\YY\\UY}ty&v/\̮\G6X%z-m[.n\Z%\xYrǚ4~	$\V\|Jd+\C=_Ee\Y\z<]btdwL\~\n\\n-P9VKpZ\"a\8{\Qòr3\]\Q^F	U\\\\YC\'ilO.\H\"-m\J:\\I1\|\2fwqd-a\V\r\<͓XK6ʯ*^kN4]\n9Z\\{sZ\0\\nv\S\0\\\\'\Zel\\"-\"c<ê\#%Gcz\D8/H\\\؈bq\Z8|>ʓ	S\\\ J\\p:ٴb⨯3\\sD7/ũܧB]\V|`L\\_\t](>~ϱz14\t\t\"\\lسu\a0P\\\ıl#B\r\)\-1d^z\ <\cN\6m\\\0l\r\*\\Z\N\\'Yz\\r\0۞GD|&4R!ӬH7\\ߙY%qA )\v\-PK\rM\5窾\߸6ŽK\Ho\\E{@$ě\.\\ƚ-js\Mb;8\\,e799#X\۟\eg\\M\/bZ?\itQ}]~xX\Z\D6:L\\6sG͘ēi1<ZuG7+e\8<\\\/ْyL\\+)axl_8_AR[+\\\{\&#\j\\2Z9\°e}3T\q+\`.\\y\Mw*=O\p<\Vr\/!Vph$\J\㸂)4!\\\rӓ.\\74:\ \\\\mS	+9q4\q|ah,\\7YO\[P@\:L&Ѳ3P\	\0+*Z\0\\De\y\9V=)\ZF?@H v\,Z\\e,5\"\\5#`\8\6\\r\\\\#\\\\B\Z\"e\9\hM\9oD2K\\\\\sl\wY\lk\I\\<F[c@\\r!ٳ49ȃ-#]4E}J\\&}c\ҏ s\0Aόx\u7fm41Q\\ne&}%;\}х+,/\FS\t\P@\\0-aB\b\'3*QSe谘\4J4\\\nñdVmX\v}\'i\\0\\O\',Տ\k/ҵ%\\04\d$JF}\,\\\\6\K\e\<V\zZIs1\W\eZ\\\Z\0O\&/;\J\jM1\\0\G\L>_U2\0_,\\fM\\/gTTqQhQU\>gq\5\\\$Z7\\\f\H\BXA!u$\\\n$$#a빆Z\MAFS:ǚ4xhU\D\)vcp\'ưCL%\HpX\?#7hp\rk\HK\1LkOʿ_E)9ˆa\c\?>& \07Ha3uoԨ$YQI\p\_\8٣-,\_<yy/L\\O<Qf_\8\\0\\r\!\ZHf9fK\|WsQ\\\ǃ\7u+\25LV80L\\\f7m}\Ux8Rh<\\\DC3W&@-\\*6-\ٳ׷:6^O\Z\\hq\~]0 ANa\'H\Ϟ\\~\I;/eY#J^\8up\5\\\\Z\S\a%{I.+*{\ZX\\|a\\\ԕXd\s\\qcXevI0\Z\u\\\\J\<0&n\u+<\*(*qX8\WIP\ \\\|\\\{A%]J\r%\I24\e\8u<\3\0\ϷE\\\\\^\鵬lQ$\?I\̠rĭ\\\Zt&P3+\\5},<֎pL\.XO\Z>+\v\00Eo&tX\W\ZIH\\(2\WE\3V#RE\scM<O/ $\\h\Z\\d`kRC\A\bDDi{%\Oj\!\O\`~\'9\0@x$\^\\׷!#3\kf,\"/y\E2J\\\0q\HiM\@5\/\^F|\'A\ln=\]L뮷Si\f\\T#_-Yy!KI\'\Er)*#i\\,#PP\eaq\\0ҧ*Q\0)\D\G\\\cd3I\`ga6\\B\cCL\dG~kLu\\-\\%CG\O=?+\|1\\+@\W6fS´pg(6$	KOZNd\Q\DՆ?P.l@j?\\0ӿ(ux=(#\keP_\W&yZ*D\\*\8.kf?+\>\\h\/\'G	kLgQc\_TL	}\+\;\\\\])\r_KxWV̛\,\췱xk0 魇\ɨ`L~W\D\$̦t\Z\\kr[4+M\\\o-\?\TX\K1\'C#i\+\3AM\A\&oh/\$\S\ox!W6dЙqz\\̕J%\NL\\`)\e\n\\0h\<3.\E\ e:(D+ʁ_D\j\j+\n+BJhPUdY\r\u_;x\(ox\'fԤd@ m\Z\\]1\0@mOY@Px\ve\nN.l\\3\\=\9G<hvX{.;y\"@\+PD\AD\n+\\nQP5W2+qEK\vQE_F|:WTT#UQFE\\Cb\F$,\\(^CL\nh\(rQXEE@R?\'),('meghna','\\\0JFIF\0\0\0\0\0\0\\0\0	( \Z%!1!%)+...383-7(-.+\n\n\n\r0&%--------------------------------------------------\0\0>\"\0\\0\0\0\0\0\0\0\0\0\0\0\0\0\0\\0>\0\0\0\0\0!1AQaq\"2\\#BRbr²3T\\0\0\0\0\0\0\0\0\0\0\0\0\0\0\\0)\0\0\0\0\0\0\0\0!1AQ\"a2q3B\\0\0\0?\0llX[\_8<\0&`nTnA\\0ToDTldMR\: \%ѩGge/^1ڐ[_\kT\\i\C\=\<N\~\\s1؀\>yü\\\V_x\n^֌>(\ƍG\C$y[>\<84 苘RJ9J\\\˗,c.\\Pr\8)\\cr\r*1˗(XĮI\v*B^/L\\۞\\0\\Bdf؎pRH_S\gk~g\\%\߷\闲\\@k\\_<ڛng\\\0\\0ಟVWL=<cyyQF7ڜEGf5m \S\D\\2\tr%cksV\\s\6f\MG.$J,\\{*\A\Hn\r8\B\%\gC\c^ꮥW+fv\\+C\\NSibGa\0GOSC桏qrh\9.lf@Z@#}R(\E5B젱\#\&~J\ \Qqf=\=\+\\	\/%/1g\/\O=\\d^r>\{O\V-0I{\\q\\0\I_2\Ă9\bB\~jgn\\FAk\S\\+\Z+==,K]F^jq;Gx79\\\5r\x1\˖ ӺOix0xM\K\_\z5˿\7\04y\}y{Rߓ}r\u\n=7\/\|W\3w2xIKڂ\\=wpM\K\G\q\'JA$\\\\\\+\\ikV\\0(<T\\\(lkp\.q\\W\^\T3\#P:\\u\t\\"y?P\=-?k\y?\)$ITc$T}*mQ\mk3\0.|7H\\\Z\K\*\\nl\WTnpD5\0\*\"\"x\H9W\ k\j\rrXKj$s(s*\'Nz|ݪ{]{\uZ9f\\.&:\k\'h\\~hNJF\ܝu\0\\\rz\!\Ü\0D^&\kg\hkKnc\Cڍ9\\3	\9\LM2)TF߱>kNo\\\\\\Wg.Ozv9F#$\\zV$;Xx\hs\TP&~\nfv\\:*\\\'\ʖ?K\L\;\\A~=\SY-z.dTP4\l\exn\b0\E\rѩ\\0\Rf\Es\\"HH\<\Qg4sUq;\\pXJ\v(\_\ͪ\ےb\\\\2\^0IK>)Q)\r\\e؂\'EZfg)W}f\:JpI9򍈪4\+)[)TvV&\wVt\\H1a¢\nI*3i\U\ze\x~?%sBf`\腊\r\0B@/3(!\䱙P;!\\P)\fP\\\+\2\jI,B\Ur\b7AC\\&9\\\>N\0m੨\+[1ӎCv#yA\tS\v\%L\h>\\4@\\\Lw,x\ש\s\)A\5n\͠\XwQ\hwBa\\4\B{v<^-ō\{\0Q9E\sblGo\$++\nyv\\\l\\zd\jIgR*Y{\Ƥ$	w\eCS5(LZ\uU^CqcNUtR\\rE<C\s\\\Kҹ0\B\J$v\n)\XٖLgKM\n@o\\`\Е< 7DZKZQ\QB+)V\\Vf&r>#wIի{.LL>&D\.TJ\\0&7%\V\\b12\0=Ty*:x7$\\($.T.SFÚ\yŇHPhZ<\(`Fg-\ZW>g\.}3:-\0\rRlx\F\.?;\x$LR\0\׽*\l hg\\L\$:\'YL5i\l\\C4!-XD\|ܘT\ԦO\\\Kevot\nop\=8ֈ͎$	ij*\0	薥k\|\ᙤ\\3:LFX\BZ\ӻ\qCC5\\g\b?98ލWbPY2at\IQ:\72Ak\"J\2W=g#,aA\n\+1\PvPߚ9#\\kP-/\K\Z\'Ht	Ir7!\[\#\\2b1\'L\D0\	gHe-\f-\z\_[\zE\je(\e^\'T)HA$zE\E)Z:1zE\*<ʫe3Qaa\2\Q0jM3yӕ\\\\)\\ZL[QyAþ$Κ2\nb&\7~X&#<\')\i2\rZ\fs`O84Зɚx\'u5|^	ͦǘ\rt$̐u\\\>h\ S\F\άÈ^\\0\N\"9\\U\I4؇\\0\Ztp\\o\Oa+\Eæ\0T`\Hz\GTmĎ	:/6 n\nG4qVI	v\usK\L\"m(T~o\7޺G0!y \^\p\783<9]\X\\"Xʮ\iC#_5H\)d=I\\\\&\ZDZ(\z ӫTZ\\(\C\p2*d1\9ҹ\Ó>u\\\~\"Fbaѻ\\rWeYE7\D\AWs\Z\2\kL4Tǎa\'Pl0b6y-0\Ssuׯim\c{R4!/<J4 \t\\\\\\ zLgudSE(\\\V\\e|^\0\	RW<NH\E\VԎJre5CuM~\\"23\r\Џ%PBa ;)XYW傈-PC8ZSG\\\\*\\\`XO/(\>ɤ	y-͕\q\%\HP\4u\\o\+\}\P/\#)]j\.0I\uL\0`g\meZnH\\\n\\S	a2-\0\0>P{\Ч6F+\\&%\rcq7#+AJ6\ǳ1\̀̍$qD \ZIC:½p?00 \\\uE4\\\\?xWJTI\\@q ؍9\V\\1\ZAH\rsNaȀm\Uh;\\4H0A\	\$Dόpt\\\0(y\V=;ha\\r\\\zGD܏>j\A\\0\E\\hJ\P\F̸\3\Hޮ\Z:GJ\sR&񱶽\Vur[l͞\\>K\\\o.\\Z+\2ڷ\6\MJ@󅹋\\ke ʼ\jo>\n\N=g\\\c\\COy\\Z\s|`݇|\rS?\tT;\\nvNӧW\qgq+\8\sfo\ޅ1s\<\K݋|PT8\ml\KjG[Ri\+\l\py\\Ǆ]\7\\\1ûO\l\7\>w5,t	p\oUVԨ\gT\\p\:cv&\\r<tN\A\\\q,ѹG} -\1\V\Z\"9\W9&\\\\Zl/K+MY@*ZVg\#|ִpʐ[\\7B8 f\z>0fa\}7G^\YN\l(kȕD\hkZ\ASy\Xͯ>\0?5N1\\橊ne\n-Q;]w_\v\g,O N\&p\!\D\0w\~,\s\r眛n\\Q\Z%\ZC\@㸣?E\˒\raV\T-2\\B\>OQCz\z+FOZj\؃\ۣ\\c\}\m\Z\8ؽ\n\m\\\0l\:\\\jnV:Nm\R<!s\ħеLl\ؐNY\\nڧA\u;Syc\0v\ٳ0\Y5Y\ik~#\m\*7S\C_P\\0:&Q\C\\R;ڳG^1zL\yP\S@\b\b=WM\O\Vt\}BZiW\\"Lrd֩%8\.\9 \r)\#b\0W2߇D\YB\ŏ͙;>\a[P\\^kfb\;\s\x~\\\\9ֿ6\%wZkBtamg\o[\'A-\\c|ͦO\nD\`\tڻb\\\Ӂ\'%_M\dxv!\\0L\U\\\d\"Xo\\ot:M\>\\.\\\\"i,$2r\\\\iG\Kp\	\\Ow\s\qh\X\":\:\	 q]@	k\rkR\\\5\mܟfPc\<	\4Z\\$譅\!+Q@09\p\"t\LSq\	N!*곞ImCQ3h;\#DZM\0gD~\\p3Yp{}\-q\p4\&z\B\\\S\	;í\SM\Z q{ߤ\!ÿ\h\	Y?D]:ʯl#o\`aʮKM$v@\WdW\;y\BU-7\Z\@M*`]x\<\\mS\1_4؆\c#Dr\Q\'W\\\\0xv\d\[KeA\AE\\Ch gYn2$\\\:}\\4\*W)r\Uckt\0\\'\Rz\"xK\r~\\Z~\jqGQՎ\0Di\#\iF;	L;36v:2\?E\\3\y&\q\{]xVeVڴ!\\0\\\XqOa\WG	[{tVx\Q\\14M<s\\0TgZh\0P4\\D\\\\\*\ao\"\C\\\Y?$N1\\\\n\\yetG\<2XCs\?\GM\0\\0?\\\Ҭeo6bUiE7T\U@X#U[nGb\a.\H\\0սH\0o\\V:\\Y\rfd\LT\\G\\\\0ۍ6\"O\b%T	Fb\؀tx\S\\l\\\\0\0\r\\\,*IZfKg8\0\٘G<V\'c\k!\KLnhמ86kopXtM>!Ɩd}U)W%\;\ƖCf&\\nQg\\)ė^]I\rT\wM=\n%EDr|$jU\Z\\\@\ɴVVUUw޹ n	\\r\fHse\ p$v!kc1\Z\;\\\\hK\{:4fbkf3\0j\\\\r\й)Q+,bet\\f\膹cE\vJ$|U\\γ^T/W0X\FW4\_ӷ\@46zA3?\柺ج@\'\.t0i\\5\0/\"tޢr\\ Ļ\\rX\\d:d\hl\[7\\Tama=n\\Q{rm[^ӣLv\Fg\A\IH q\\r.\>R=\\\{PE\t3	\e5.B\\\v\r\\zd-?#ꢆ;\\'\}GkaT`Щy*?\'),('vaibhav','\\\0JFIF\0\0\0\0\0\0\\0\0	( \Z%!1!%)+...383-7(-.+\n\n\n\r+---------+++++---++-+-++-----++---+-+8++++--++-+--\0\0\"\0\\0\0\0\0\0\0\0\0\0\0\0\0\0\0\0\0\\0<\0\0\0\0\0!1AQq\"a2\B\#Rrb\\4\\0\0\0\0\0\0\0\0\0\0\0\0\0\\0 \0\0\0\0\0\0\0\0!1AaQ\\0\0\0?\0\\8қ(\r:\87?\	\r<\\\\u\6n\E5\\!O\:o@%6V=\׌sصF\\z\}\x\,\0Gp]YFƊ3@\S\_`+bݟr\T\ƁGvs\\t\\R\\f\\$H\'c]z:tlw\'\\Z֞\nD!w\֝8u\^YӱG\M8-q\\Sp|B\c67r\\\ܚ*2/\\\#X\Up\.{*\I\'D;\	ܢ\.VH\OgnU\Z\;sM\";\y5\\Huj[\\\\*y^JʆU<nJG<3I5RszZ%\\0.\\r,\[\\'\w)X\,UaR\\rB\aD\DH\\-\.9o4\ֽ gTJ#S=^~_&$N\\2ɀ\ø\\\\\l\\9UBv#p\Fuλsq3!w-6X;\5r\\W_y\Y]	f8jS&Dvk\\n_I\\0`&=J\?\t\0&+\jgr\O//\!\#G6;*YT\\Q7`wG3\+yWMo\]\r\*\@\Z.Va`骰ۨD\\rZD\B\.V\{PqkQYHe+bo?/pл\<N\Le$\\\v(\'\ -\%\\X0\"@BZ\nPp	R(FڢU\nSj\\\)A\\\\ʑ-V\\H!aE\\YZ\bh>)s.JRIgj\sjL	\_Y\A8\a<\\\cz\n\D\-nOҢ\\\g\0>TԖ1TkQe\p\\Шd\0UK\33\ZO\a>k=zj^ܬ\MO\rqWBf`\6OBn0y*\Z,c_vAGP\\9A\"\=Źy?t\߼\\\'bm\'Oqݝoܢ֭eΐV\K\#5\tb\\ƻ\\\\Mq\Z)\j\;h@|n\w!wsL\y:X\r\0\{◙S\[f\5YGF}*\u͏G=Ju($A\ZTz\\\)Auqh>\$\\\1u\\4V8-\\\0xF$\=0pZ,L\\]z\`R\j*\\2r6?\ε\Xaګ\Z\RZ\D^$5\\@Α\q\'oW\0mK#\o).B7\\Z\\\ TΈQ\܀E``Κ+\)\x=H\B\0\r\e8&\sG!A\\nsu@>حO|Q\\D\\WS/ڞ@\FelNVS׶w=#\\\L\0tೊ\\v[7{k9\\'gC\\c\cX~nnw\+˜Kf\\`\\h꼸8N\'\!\Z[R\"ذlTUj鈕ˮ?c\XG.MUX\"9\\\\\N\-\$y>\Z8ӭ\򖻓?t\T]\sy>\'\{ z48\\Zm\Z֟n\q2\Ms\a\'m61U\Y3\rQ\^G\\wdAV\^\\5=eDeb6MӎHQV|{*ѓAU\	)\$\.hK/<\"y!\CW=>v2\\)|`w5\\ר\\Lib\\w9/\n=jn\@Up*-v\\{\uymB]zPF\z޳UI0sNQuqs̺Eۘx2	\~+5I\J\t\# kg\um2\<nj\#1Q\:k?Q\A\)<\\Z\\0?	i\[\??U3(%\Q\ix(\n!\Z\bK4	E,՗\nqvdq2/BAS\V\U(g()\CjXH	m[s\hiQ\\0]>9J\N\FN\\\);=\Z\\}aWʿ\\\'V\x\\\\#t:X\:n\Æ\0\"\0\nΉwXvHIO0lս\v\\WC .\\:sOU)܉VN\0Y\ß8Ks FKwr3\\K\Z\\OӬa1QG*MV\{Xa\\c\Æ\\0\\\n2w\U\?\\ca\Q;(9 \0d讹Y\\.\\\r\\\<\\0\\ڌY\$.\N;+7\\7n\#[;7h1\rUDH#EkY\\\Ub\D#tmud~W\\d?\eN\"|B1\72&.#t\{>)(h@AQ$B\UJjq\rN\\Je2t]\Z4e\\FKn\fOen>Q@7q\\\7X5\5ΰ\IMJ/?nA;P\z\0	uRR\\T\ZORVZv\ѡaմq\"\jOr\\ߊQ=U\n\CD\8\ĜS뺭gIe\'\nT\\N\\\\\K\\ 9\\ˈ3H#p\Ⱦu9YK\3*To\Q\\rAn\u-\xN<B\\rq\\57v\k41\9w%\\4C@|\ߤ\ZA	\aGR\@-k*~쮿RL-\-\p\}<L6i\@˸8j#zbG\\OXIT\\\8=\窟8W|\I& \Xx.\\<asru9m\Ua>UU\\r-.ɲ\8J\"ɼ@\Z\0]s\[ܿnJR£\ۅՆ/\"Zg\\U*ˌƂخ߉\kw\%\ܴ=]\\ˁ\<uYxG.\\H\(QN@@I))E%$%Uj\"ҝbiքfB07(J26\Zźk\0\\Iռ\K\=\0\\U	\\\\\\\\\\\/q|\rŖU\'th\\}λϦʍY\\ςt\\U\MQĀ;\\j\c$\πZE\蹨ʴ\R\)nf:7fkQ}H&)\\\I\Sn\\Oܫb=\[g\޵\\eFzύsF\U;3yR\)oMfM\h\\-jSYL(8D\_k*o\o+J* Ͽ\ߋOfm.\߲*>2#O%\n\\0\0tVqyɪG-1\&\+|V٭fĒX\\#\W<]\\ul+\Y\\\NG.\@.(\0Q J8DID@S6\Z :\nma\"z<\\KT$GL.!q\0w`47\^\n\rVh`Ub\Z4\\;\=(Per\\x\ǖ\\\ė\7ŽRH\>&3T\\rIv\[RUigdG0kiiP\p`^\`\YX\`\w9췾\莪ݮ4a\\\#ԓ\\\a\\0 s\W\{}\{Y2KHqi&\ZZ)f\q=\kTt\&\\\\\s\@\KM\:\c\\NT\[\\zH.\9\#^\0\p7\n\`t\0\w>ۍkDL\ז☋\eq;k\s? a:	߶\0nuw\\JM-\\.I\@_#\\/K\rs\YgL(gX\A9/m^&\\o+XF4\C\\gZ;Rsmu\ t|\k\`uI#ߩ+pT=7\\{#0p\\͏?\.\"\ZlZ`\rE(8\QDQ\L@E$$\'$$Z \'XStӍDOr0AJFp=\\1c\\0#fςʕѺL3_\odC\\o\Նen@q\>\6`\n/隅*\r}\\r\\m\0&\\>\\\vc\\r̫F\NN\\\:woސ1\cg7vO\2R\\nV\\nnx\'y\\4\464\\qQ4\c@\\\y\0\r\Z\\Bi\\Dn$p_f1]&2!\bb\p\uޞ$d\ZOIH\Z\dϢ[\\\"<ܨ\Ya\0\f\\n*7\\\\A\	Tݔ\\wXo\Zq,2\DRl{ƞ\nN\O!C\Zaߦ7\07\tZxq\-B!T\ELԣ:5\Z\\"9\66f\n\\\tƺ9/ĭ)bƈma0\\dI];\AM\\RL0%n}8w2\"FDQ#%U\"P\J\K\\$9\Z \lKMD8\\'\\kϊ&VA°^\\\~\#\Mu6\L\ra|6<G\\rm}Y*E\\\G\]{y,6>\\G\05`M\Y\P!Vmlj\0zOr\\s:{#\$y\\рȅ8\\\0\GwE\P*g\\\\\my\\n;j}!i$\\YYl=_\\be\7i\8\%u,q\{w\\\IR\nuca\]1Xϔ;7\d5DJI۷D\#2rAC2\"RI(\Re  RÐAysѠfA\\d@nr C2 v.t\=y %\>\\ 9.A22(fF\BQJNd@yJ PA\0(@A\'),('mridu','\\\0JFIF\0\0\0\0\0\0\\0\0	( \Z%!1!%)+...383-7(-.+\n\n\n\r0&%--------------------------------------------------\0\0>\"\0\\0\0\0\0\0\0\0\0\0\0\0\0\0\0\\0>\0\0\0\0\0!1AQaq\"2\\#BRbr²3T\\0\0\0\0\0\0\0\0\0\0\0\0\0\0\\0)\0\0\0\0\0\0\0\0!1AQ\"a2q3B\\0\0\0?\0llX[\_8<\0&`nTnA\\0ToDTldMR\: \%ѩGge/^1ڐ[_\kT\\i\C\=\<N\~\\s1؀\>yü\\\V_x\n^֌>(\ƍG\C$y[>\<84 苘RJ9J\\\˗,c.\\Pr\8)\\cr\r*1˗(XĮI\v*B^/L\\۞\\0\\Bdf؎pRH_S\gk~g\\%\߷\闲\\@k\\_<ڛng\\\0\\0ಟVWL=<cyyQF7ڜEGf5m \S\D\\2\tr%cksV\\s\6f\MG.$J,\\{*\A\Hn\r8\B\%\gC\c^ꮥW+fv\\+C\\NSibGa\0GOSC桏qrh\9.lf@Z@#}R(\E5B젱\#\&~J\ \Qqf=\=\+\\	\/%/1g\/\O=\\d^r>\{O\V-0I{\\q\\0\I_2\Ă9\bB\~jgn\\FAk\S\\+\Z+==,K]F^jq;Gx79\\\5r\x1\˖ ӺOix0xM\K\_\z5˿\7\04y\}y{Rߓ}r\u\n=7\/\|W\3w2xIKڂ\\=wpM\K\G\q\'JA$\\\\\\+\\ikV\\0(<T\\\(lkp\.q\\W\^\T3\#P:\\u\t\\"y?P\=-?k\y?\)$ITc$T}*mQ\mk3\0.|7H\\\Z\K\*\\nl\WTnpD5\0\*\"\"x\H9W\ k\j\rrXKj$s(s*\'Nz|ݪ{]{\uZ9f\\.&:\k\'h\\~hNJF\ܝu\0\\\rz\!\Ü\0D^&\kg\hkKnc\Cڍ9\\3	\9\LM2)TF߱>kNo\\\\\\Wg.Ozv9F#$\\zV$;Xx\hs\TP&~\nfv\\:*\\\'\ʖ?K\L\;\\A~=\SY-z.dTP4\l\exn\b0\E\rѩ\\0\Rf\Es\\"HH\<\Qg4sUq;\\pXJ\v(\_\ͪ\ےb\\\\2\^0IK>)Q)\r\\e؂\'EZfg)W}f\:JpI9򍈪4\+)[)TvV&\wVt\\H1a¢\nI*3i\U\ze\x~?%sBf`\腊\r\0B@/3(!\䱙P;!\\P)\fP\\\+\2\jI,B\Ur\b7AC\\&9\\\>N\0m੨\+[1ӎCv#yA\tS\v\%L\h>\\4@\\\Lw,x\ש\s\)A\5n\͠\XwQ\hwBa\\4\B{v<^-ō\{\0Q9E\sblGo\$++\nyv\\\l\\zd\jIgR*Y{\Ƥ$	w\eCS5(LZ\uU^CqcNUtR\\rE<C\s\\\Kҹ0\B\J$v\n)\XٖLgKM\n@o\\`\Е< 7DZKZQ\QB+)V\\Vf&r>#wIի{.LL>&D\.TJ\\0&7%\V\\b12\0=Ty*:x7$\\($.T.SFÚ\yŇHPhZ<\(`Fg-\ZW>g\.}3:-\0\rRlx\F\.?;\x$LR\0\׽*\l hg\\L\$:\'YL5i\l\\C4!-XD\|ܘT\ԦO\\\Kevot\nop\=8ֈ͎$	ij*\0	薥k\|\ᙤ\\3:LFX\BZ\ӻ\qCC5\\g\b?98ލWbPY2at\IQ:\72Ak\"J\2W=g#,aA\n\+1\PvPߚ9#\\kP-/\K\Z\'Ht	Ir7!\[\#\\2b1\'L\D0\	gHe-\f-\z\_[\zE\je(\e^\'T)HA$zE\E)Z:1zE\*<ʫe3Qaa\2\Q0jM3yӕ\\\\)\\ZL[QyAþ$Κ2\nb&\7~X&#<\')\i2\rZ\fs`O84Зɚx\'u5|^	ͦǘ\rt$̐u\\\>h\ S\F\άÈ^\\0\N\"9\\U\I4؇\\0\Ztp\\o\Oa+\Eæ\0T`\Hz\GTmĎ	:/6 n\nG4qVI	v\usK\L\"m(T~o\7޺G0!y \^\p\783<9]\X\\"Xʮ\iC#_5H\)d=I\\\\&\ZDZ(\z ӫTZ\\(\C\p2*d1\9ҹ\Ó>u\\\~\"Fbaѻ\\rWeYE7\D\AWs\Z\2\kL4Tǎa\'Pl0b6y-0\Ssuׯim\c{R4!/<J4 \t\\\\\\ zLgudSE(\\\V\\e|^\0\	RW<NH\E\VԎJre5CuM~\\"23\r\Џ%PBa ;)XYW傈-PC8ZSG\\\\*\\\`XO/(\>ɤ	y-͕\q\%\HP\4u\\o\+\}\P/\#)]j\.0I\uL\0`g\meZnH\\\n\\S	a2-\0\0>P{\Ч6F+\\&%\rcq7#+AJ6\ǳ1\̀̍$qD \ZIC:½p?00 \\\uE4\\\\?xWJTI\\@q ؍9\V\\1\ZAH\rsNaȀm\Uh;\\4H0A\	\$Dόpt\\\0(y\V=;ha\\r\\\zGD܏>j\A\\0\E\\hJ\P\F̸\3\Hޮ\Z:GJ\sR&񱶽\Vur[l͞\\>K\\\o.\\Z+\2ڷ\6\MJ@󅹋\\ke ʼ\jo>\n\N=g\\\c\\COy\\Z\s|`݇|\rS?\tT;\\nvNӧW\qgq+\8\sfo\ޅ1s\<\K݋|PT8\ml\KjG[Ri\+\l\py\\Ǆ]\7\\\1ûO\l\7\>w5,t	p\oUVԨ\gT\\p\:cv&\\r<tN\A\\\q,ѹG} -\1\V\Z\"9\W9&\\\\Zl/K+MY@*ZVg\#|ִpʐ[\\7B8 f\z>0fa\}7G^\YN\l(kȕD\hkZ\ASy\Xͯ>\0?5N1\\橊ne\n-Q;]w_\v\g,O N\&p\!\D\0w\~,\s\r眛n\\Q\Z%\ZC\@㸣?E\˒\raV\T-2\\B\>OQCz\z+FOZj\؃\ۣ\\c\}\m\Z\8ؽ\n\m\\\0l\:\\\jnV:Nm\R<!s\ħеLl\ؐNY\\nڧA\u;Syc\0v\ٳ0\Y5Y\ik~#\m\*7S\C_P\\0:&Q\C\\R;ڳG^1zL\yP\S@\b\b=WM\O\Vt\}BZiW\\"Lrd֩%8\.\9 \r)\#b\0W2߇D\YB\ŏ͙;>\a[P\\^kfb\;\s\x~\\\\9ֿ6\%wZkBtamg\o[\'A-\\c|ͦO\nD\`\tڻb\\\Ӂ\'%_M\dxv!\\0L\U\\\d\"Xo\\ot:M\>\\.\\\\"i,$2r\\\\iG\Kp\	\\Ow\s\qh\X\":\:\	 q]@	k\rkR\\\5\mܟfPc\<	\4Z\\$譅\!+Q@09\p\"t\LSq\	N!*곞ImCQ3h;\#DZM\0gD~\\p3Yp{}\-q\p4\&z\B\\\S\	;í\SM\Z q{ߤ\!ÿ\h\	Y?D]:ʯl#o\`aʮKM$v@\WdW\;y\BU-7\Z\@M*`]x\<\\mS\1_4؆\c#Dr\Q\'W\\\\0xv\d\[KeA\AE\\Ch gYn2$\\\:}\\4\*W)r\Uckt\0\\'\Rz\"xK\r~\\Z~\jqGQՎ\0Di\#\iF;	L;36v:2\?E\\3\y&\q\{]xVeVڴ!\\0\\\XqOa\WG	[{tVx\Q\\14M<s\\0TgZh\0P4\\D\\\\\*\ao\"\C\\\Y?$N1\\\\n\\yetG\<2XCs\?\GM\0\\0?\\\Ҭeo6bUiE7T\U@X#U[nGb\a.\H\\0սH\0o\\V:\\Y\rfd\LT\\G\\\\0ۍ6\"O\b%T	Fb\؀tx\S\\l\\\\0\0\r\\\,*IZfKg8\0\٘G<V\'c\k!\KLnhמ86kopXtM>!Ɩd}U)W%\;\ƖCf&\\nQg\\)ė^]I\rT\wM=\n%EDr|$jU\Z\\\@\ɴVVUUw޹ n	\\r\fHse\ p$v!kc1\Z\;\\\\hK\{:4fbkf3\0j\\\\r\й)Q+,bet\\f\膹cE\vJ$|U\\γ^T/W0X\FW4\_ӷ\@46zA3?\柺ج@\'\.t0i\\5\0/\"tޢr\\ Ļ\\rX\\d:d\hl\[7\\Tama=n\\Q{rm[^ӣLv\Fg\A\IH q\\r.\>R=\\\{PE\t3	\e5.B\\\v\r\\zd-?#ꢆ;\\'\}GkaT`Щy*?\'),('saikripa','\\\0JFIF\0\0\0\0\0\0\\0\0	( \Z%!1!%)+...383-7(-.+\n\n\n\r0&%--------------------------------------------------\0\0>\"\0\\0\0\0\0\0\0\0\0\0\0\0\0\0\0\\0>\0\0\0\0\0!1AQaq\"2\\#BRbr²3T\\0\0\0\0\0\0\0\0\0\0\0\0\0\0\\0)\0\0\0\0\0\0\0\0!1AQ\"a2q3B\\0\0\0?\0llX[\_8<\0&`nTnA\\0ToDTldMR\: \%ѩGge/^1ڐ[_\kT\\i\C\=\<N\~\\s1؀\>yü\\\V_x\n^֌>(\ƍG\C$y[>\<84 苘RJ9J\\\˗,c.\\Pr\8)\\cr\r*1˗(XĮI\v*B^/L\\۞\\0\\Bdf؎pRH_S\gk~g\\%\߷\闲\\@k\\_<ڛng\\\0\\0ಟVWL=<cyyQF7ڜEGf5m \S\D\\2\tr%cksV\\s\6f\MG.$J,\\{*\A\Hn\r8\B\%\gC\c^ꮥW+fv\\+C\\NSibGa\0GOSC桏qrh\9.lf@Z@#}R(\E5B젱\#\&~J\ \Qqf=\=\+\\	\/%/1g\/\O=\\d^r>\{O\V-0I{\\q\\0\I_2\Ă9\bB\~jgn\\FAk\S\\+\Z+==,K]F^jq;Gx79\\\5r\x1\˖ ӺOix0xM\K\_\z5˿\7\04y\}y{Rߓ}r\u\n=7\/\|W\3w2xIKڂ\\=wpM\K\G\q\'JA$\\\\\\+\\ikV\\0(<T\\\(lkp\.q\\W\^\T3\#P:\\u\t\\"y?P\=-?k\y?\)$ITc$T}*mQ\mk3\0.|7H\\\Z\K\*\\nl\WTnpD5\0\*\"\"x\H9W\ k\j\rrXKj$s(s*\'Nz|ݪ{]{\uZ9f\\.&:\k\'h\\~hNJF\ܝu\0\\\rz\!\Ü\0D^&\kg\hkKnc\Cڍ9\\3	\9\LM2)TF߱>kNo\\\\\\Wg.Ozv9F#$\\zV$;Xx\hs\TP&~\nfv\\:*\\\'\ʖ?K\L\;\\A~=\SY-z.dTP4\l\exn\b0\E\rѩ\\0\Rf\Es\\"HH\<\Qg4sUq;\\pXJ\v(\_\ͪ\ےb\\\\2\^0IK>)Q)\r\\e؂\'EZfg)W}f\:JpI9򍈪4\+)[)TvV&\wVt\\H1a¢\nI*3i\U\ze\x~?%sBf`\腊\r\0B@/3(!\䱙P;!\\P)\fP\\\+\2\jI,B\Ur\b7AC\\&9\\\>N\0m੨\+[1ӎCv#yA\tS\v\%L\h>\\4@\\\Lw,x\ש\s\)A\5n\͠\XwQ\hwBa\\4\B{v<^-ō\{\0Q9E\sblGo\$++\nyv\\\l\\zd\jIgR*Y{\Ƥ$	w\eCS5(LZ\uU^CqcNUtR\\rE<C\s\\\Kҹ0\B\J$v\n)\XٖLgKM\n@o\\`\Е< 7DZKZQ\QB+)V\\Vf&r>#wIի{.LL>&D\.TJ\\0&7%\V\\b12\0=Ty*:x7$\\($.T.SFÚ\yŇHPhZ<\(`Fg-\ZW>g\.}3:-\0\rRlx\F\.?;\x$LR\0\׽*\l hg\\L\$:\'YL5i\l\\C4!-XD\|ܘT\ԦO\\\Kevot\nop\=8ֈ͎$	ij*\0	薥k\|\ᙤ\\3:LFX\BZ\ӻ\qCC5\\g\b?98ލWbPY2at\IQ:\72Ak\"J\2W=g#,aA\n\+1\PvPߚ9#\\kP-/\K\Z\'Ht	Ir7!\[\#\\2b1\'L\D0\	gHe-\f-\z\_[\zE\je(\e^\'T)HA$zE\E)Z:1zE\*<ʫe3Qaa\2\Q0jM3yӕ\\\\)\\ZL[QyAþ$Κ2\nb&\7~X&#<\')\i2\rZ\fs`O84Зɚx\'u5|^	ͦǘ\rt$̐u\\\>h\ S\F\άÈ^\\0\N\"9\\U\I4؇\\0\Ztp\\o\Oa+\Eæ\0T`\Hz\GTmĎ	:/6 n\nG4qVI	v\usK\L\"m(T~o\7޺G0!y \^\p\783<9]\X\\"Xʮ\iC#_5H\)d=I\\\\&\ZDZ(\z ӫTZ\\(\C\p2*d1\9ҹ\Ó>u\\\~\"Fbaѻ\\rWeYE7\D\AWs\Z\2\kL4Tǎa\'Pl0b6y-0\Ssuׯim\c{R4!/<J4 \t\\\\\\ zLgudSE(\\\V\\e|^\0\	RW<NH\E\VԎJre5CuM~\\"23\r\Џ%PBa ;)XYW傈-PC8ZSG\\\\*\\\`XO/(\>ɤ	y-͕\q\%\HP\4u\\o\+\}\P/\#)]j\.0I\uL\0`g\meZnH\\\n\\S	a2-\0\0>P{\Ч6F+\\&%\rcq7#+AJ6\ǳ1\̀̍$qD \ZIC:½p?00 \\\uE4\\\\?xWJTI\\@q ؍9\V\\1\ZAH\rsNaȀm\Uh;\\4H0A\	\$Dόpt\\\0(y\V=;ha\\r\\\zGD܏>j\A\\0\E\\hJ\P\F̸\3\Hޮ\Z:GJ\sR&񱶽\Vur[l͞\\>K\\\o.\\Z+\2ڷ\6\MJ@󅹋\\ke ʼ\jo>\n\N=g\\\c\\COy\\Z\s|`݇|\rS?\tT;\\nvNӧW\qgq+\8\sfo\ޅ1s\<\K݋|PT8\ml\KjG[Ri\+\l\py\\Ǆ]\7\\\1ûO\l\7\>w5,t	p\oUVԨ\gT\\p\:cv&\\r<tN\A\\\q,ѹG} -\1\V\Z\"9\W9&\\\\Zl/K+MY@*ZVg\#|ִpʐ[\\7B8 f\z>0fa\}7G^\YN\l(kȕD\hkZ\ASy\Xͯ>\0?5N1\\橊ne\n-Q;]w_\v\g,O N\&p\!\D\0w\~,\s\r眛n\\Q\Z%\ZC\@㸣?E\˒\raV\T-2\\B\>OQCz\z+FOZj\؃\ۣ\\c\}\m\Z\8ؽ\n\m\\\0l\:\\\jnV:Nm\R<!s\ħеLl\ؐNY\\nڧA\u;Syc\0v\ٳ0\Y5Y\ik~#\m\*7S\C_P\\0:&Q\C\\R;ڳG^1zL\yP\S@\b\b=WM\O\Vt\}BZiW\\"Lrd֩%8\.\9 \r)\#b\0W2߇D\YB\ŏ͙;>\a[P\\^kfb\;\s\x~\\\\9ֿ6\%wZkBtamg\o[\'A-\\c|ͦO\nD\`\tڻb\\\Ӂ\'%_M\dxv!\\0L\U\\\d\"Xo\\ot:M\>\\.\\\\"i,$2r\\\\iG\Kp\	\\Ow\s\qh\X\":\:\	 q]@	k\rkR\\\5\mܟfPc\<	\4Z\\$譅\!+Q@09\p\"t\LSq\	N!*곞ImCQ3h;\#DZM\0gD~\\p3Yp{}\-q\p4\&z\B\\\S\	;í\SM\Z q{ߤ\!ÿ\h\	Y?D]:ʯl#o\`aʮKM$v@\WdW\;y\BU-7\Z\@M*`]x\<\\mS\1_4؆\c#Dr\Q\'W\\\\0xv\d\[KeA\AE\\Ch gYn2$\\\:}\\4\*W)r\Uckt\0\\'\Rz\"xK\r~\\Z~\jqGQՎ\0Di\#\iF;	L;36v:2\?E\\3\y&\q\{]xVeVڴ!\\0\\\XqOa\WG	[{tVx\Q\\14M<s\\0TgZh\0P4\\D\\\\\*\ao\"\C\\\Y?$N1\\\\n\\yetG\<2XCs\?\GM\0\\0?\\\Ҭeo6bUiE7T\U@X#U[nGb\a.\H\\0սH\0o\\V:\\Y\rfd\LT\\G\\\\0ۍ6\"O\b%T	Fb\؀tx\S\\l\\\\0\0\r\\\,*IZfKg8\0\٘G<V\'c\k!\KLnhמ86kopXtM>!Ɩd}U)W%\;\ƖCf&\\nQg\\)ė^]I\rT\wM=\n%EDr|$jU\Z\\\@\ɴVVUUw޹ n	\\r\fHse\ p$v!kc1\Z\;\\\\hK\{:4fbkf3\0j\\\\r\й)Q+,bet\\f\膹cE\vJ$|U\\γ^T/W0X\FW4\_ӷ\@46zA3?\柺ج@\'\.t0i\\5\0/\"tޢr\\ Ļ\\rX\\d:d\hl\[7\\Tama=n\\Q{rm[^ӣLv\Fg\A\IH q\\r.\>R=\\\{PE\t3	\e5.B\\\v\r\\zd-?#ꢆ;\\'\}GkaT`Щy*?\'),('soumok','\\\0JFIF\0\0\0\0\0\0\\0\0	( \Z%!1!%)+...383-7(-.+\n\n\n\r+---------+++++---++-+-++-----++---+-+8++++--++-+--\0\0\"\0\\0\0\0\0\0\0\0\0\0\0\0\0\0\0\0\0\\0<\0\0\0\0\0!1AQq\"a2\B\#Rrb\\4\\0\0\0\0\0\0\0\0\0\0\0\0\0\\0 \0\0\0\0\0\0\0\0!1AaQ\\0\0\0?\0\\8қ(\r:\87?\	\r<\\\\u\6n\E5\\!O\:o@%6V=\׌sصF\\z\}\x\,\0Gp]YFƊ3@\S\_`+bݟr\T\ƁGvs\\t\\R\\f\\$H\'c]z:tlw\'\\Z֞\nD!w\֝8u\^YӱG\M8-q\\Sp|B\c67r\\\ܚ*2/\\\#X\Up\.{*\I\'D;\	ܢ\.VH\OgnU\Z\;sM\";\y5\\Huj[\\\\*y^JʆU<nJG<3I5RszZ%\\0.\\r,\[\\'\w)X\,UaR\\rB\aD\DH\\-\.9o4\ֽ gTJ#S=^~_&$N\\2ɀ\ø\\\\\l\\9UBv#p\Fuλsq3!w-6X;\5r\\W_y\Y]	f8jS&Dvk\\n_I\\0`&=J\?\t\0&+\jgr\O//\!\#G6;*YT\\Q7`wG3\+yWMo\]\r\*\@\Z.Va`骰ۨD\\rZD\B\.V\{PqkQYHe+bo?/pл\<N\Le$\\\v(\'\ -\%\\X0\"@BZ\nPp	R(FڢU\nSj\\\)A\\\\ʑ-V\\H!aE\\YZ\bh>)s.JRIgj\sjL	\_Y\A8\a<\\\cz\n\D\-nOҢ\\\g\0>TԖ1TkQe\p\\Шd\0UK\33\ZO\a>k=zj^ܬ\MO\rqWBf`\6OBn0y*\Z,c_vAGP\\9A\"\=Źy?t\߼\\\'bm\'Oqݝoܢ֭eΐV\K\#5\tb\\ƻ\\\\Mq\Z)\j\;h@|n\w!wsL\y:X\r\0\{◙S\[f\5YGF}*\u͏G=Ju($A\ZTz\\\)Auqh>\$\\\1u\\4V8-\\\0xF$\=0pZ,L\\]z\`R\j*\\2r6?\ε\Xaګ\Z\RZ\D^$5\\@Α\q\'oW\0mK#\o).B7\\Z\\\ TΈQ\܀E``Κ+\)\x=H\B\0\r\e8&\sG!A\\nsu@>حO|Q\\D\\WS/ڞ@\FelNVS׶w=#\\\L\0tೊ\\v[7{k9\\'gC\\c\cX~nnw\+˜Kf\\`\\h꼸8N\'\!\Z[R\"ذlTUj鈕ˮ?c\XG.MUX\"9\\\\\N\-\$y>\Z8ӭ\򖻓?t\T]\sy>\'\{ z48\\Zm\Z֟n\q2\Ms\a\'m61U\Y3\rQ\^G\\wdAV\^\\5=eDeb6MӎHQV|{*ѓAU\	)\$\.hK/<\"y!\CW=>v2\\)|`w5\\ר\\Lib\\w9/\n=jn\@Up*-v\\{\uymB]zPF\z޳UI0sNQuqs̺Eۘx2	\~+5I\J\t\# kg\um2\<nj\#1Q\:k?Q\A\)<\\Z\\0?	i\[\??U3(%\Q\ix(\n!\Z\bK4	E,՗\nqvdq2/BAS\V\U(g()\CjXH	m[s\hiQ\\0]>9J\N\FN\\\);=\Z\\}aWʿ\\\'V\x\\\\#t:X\:n\Æ\0\"\0\nΉwXvHIO0lս\v\\WC .\\:sOU)܉VN\0Y\ß8Ks FKwr3\\K\Z\\OӬa1QG*MV\{Xa\\c\Æ\\0\\\n2w\U\?\\ca\Q;(9 \0d讹Y\\.\\\r\\\<\\0\\ڌY\$.\N;+7\\7n\#[;7h1\rUDH#EkY\\\Ub\D#tmud~W\\d?\eN\"|B1\72&.#t\{>)(h@AQ$B\UJjq\rN\\Je2t]\Z4e\\FKn\fOen>Q@7q\\\7X5\5ΰ\IMJ/?nA;P\z\0	uRR\\T\ZORVZv\ѡaմq\"\jOr\\ߊQ=U\n\CD\8\ĜS뺭gIe\'\nT\\N\\\\\K\\ 9\\ˈ3H#p\Ⱦu9YK\3*To\Q\\rAn\u-\xN<B\\rq\\57v\k41\9w%\\4C@|\ߤ\ZA	\aGR\@-k*~쮿RL-\-\p\}<L6i\@˸8j#zbG\\OXIT\\\8=\窟8W|\I& \Xx.\\<asru9m\Ua>UU\\r-.ɲ\8J\"ɼ@\Z\0]s\[ܿnJR£\ۅՆ/\"Zg\\U*ˌƂخ߉\kw\%\ܴ=]\\ˁ\<uYxG.\\H\(QN@@I))E%$%Uj\"ҝbiքfB07(J26\Zźk\0\\Iռ\K\=\0\\U	\\\\\\\\\\\/q|\rŖU\'th\\}λϦʍY\\ςt\\U\MQĀ;\\j\c$\πZE\蹨ʴ\R\)nf:7fkQ}H&)\\\I\Sn\\Oܫb=\[g\޵\\eFzύsF\U;3yR\)oMfM\h\\-jSYL(8D\_k*o\o+J* Ͽ\ߋOfm.\߲*>2#O%\n\\0\0tVqyɪG-1\&\+|V٭fĒX\\#\W<]\\ul+\Y\\\NG.\@.(\0Q J8DID@S6\Z :\nma\"z<\\KT$GL.!q\0w`47\^\n\rVh`Ub\Z4\\;\=(Per\\x\ǖ\\\ė\7ŽRH\>&3T\\rIv\[RUigdG0kiiP\p`^\`\YX\`\w9췾\莪ݮ4a\\\#ԓ\\\a\\0 s\W\{}\{Y2KHqi&\ZZ)f\q=\kTt\&\\\\\s\@\KM\:\c\\NT\[\\zH.\9\#^\0\p7\n\`t\0\w>ۍkDL\ז☋\eq;k\s? a:	߶\0nuw\\JM-\\.I\@_#\\/K\rs\YgL(gX\A9/m^&\\o+XF4\C\\gZ;Rsmu\ t|\k\`uI#ߩ+pT=7\\{#0p\\͏?\.\"\ZlZ`\rE(8\QDQ\L@E$$\'$$Z \'XStӍDOr0AJFp=\\1c\\0#fςʕѺL3_\odC\\o\Նen@q\>\6`\n/隅*\r}\\r\\m\0&\\>\\\vc\\r̫F\NN\\\:woސ1\cg7vO\2R\\nV\\nnx\'y\\4\464\\qQ4\c@\\\y\0\r\Z\\Bi\\Dn$p_f1]&2!\bb\p\uޞ$d\ZOIH\Z\dϢ[\\\"<ܨ\Ya\0\f\\n*7\\\\A\	Tݔ\\wXo\Zq,2\DRl{ƞ\nN\O!C\Zaߦ7\07\tZxq\-B!T\ELԣ:5\Z\\"9\66f\n\\\tƺ9/ĭ)bƈma0\\dI];\AM\\RL0%n}8w2\"FDQ#%U\"P\J\K\\$9\Z \lKMD8\\'\\kϊ&VA°^\\\~\#\Mu6\L\ra|6<G\\rm}Y*E\\\G\]{y,6>\\G\05`M\Y\P!Vmlj\0zOr\\s:{#\$y\\рȅ8\\\0\GwE\P*g\\\\\my\\n;j}!i$\\YYl=_\\be\7i\8\%u,q\{w\\\IR\nuca\]1Xϔ;7\d5DJI۷D\#2rAC2\"RI(\Re  RÐAysѠfA\\d@nr C2 v.t\=y %\>\\ 9.A22(fF\BQJNd@yJ PA\0(@A\'),('mridhula','\\\0JFIF\0\0\0\0\0\0\\0\0	( \Z%!1!%)+...383-7(-.+\n\n\n\r0&%--------------------------------------------------\0\0>\"\0\\0\0\0\0\0\0\0\0\0\0\0\0\0\0\\0>\0\0\0\0\0!1AQaq\"2\\#BRbr²3T\\0\0\0\0\0\0\0\0\0\0\0\0\0\0\\0)\0\0\0\0\0\0\0\0!1AQ\"a2q3B\\0\0\0?\0llX[\_8<\0&`nTnA\\0ToDTldMR\: \%ѩGge/^1ڐ[_\kT\\i\C\=\<N\~\\s1؀\>yü\\\V_x\n^֌>(\ƍG\C$y[>\<84 苘RJ9J\\\˗,c.\\Pr\8)\\cr\r*1˗(XĮI\v*B^/L\\۞\\0\\Bdf؎pRH_S\gk~g\\%\߷\闲\\@k\\_<ڛng\\\0\\0ಟVWL=<cyyQF7ڜEGf5m \S\D\\2\tr%cksV\\s\6f\MG.$J,\\{*\A\Hn\r8\B\%\gC\c^ꮥW+fv\\+C\\NSibGa\0GOSC桏qrh\9.lf@Z@#}R(\E5B젱\#\&~J\ \Qqf=\=\+\\	\/%/1g\/\O=\\d^r>\{O\V-0I{\\q\\0\I_2\Ă9\bB\~jgn\\FAk\S\\+\Z+==,K]F^jq;Gx79\\\5r\x1\˖ ӺOix0xM\K\_\z5˿\7\04y\}y{Rߓ}r\u\n=7\/\|W\3w2xIKڂ\\=wpM\K\G\q\'JA$\\\\\\+\\ikV\\0(<T\\\(lkp\.q\\W\^\T3\#P:\\u\t\\"y?P\=-?k\y?\)$ITc$T}*mQ\mk3\0.|7H\\\Z\K\*\\nl\WTnpD5\0\*\"\"x\H9W\ k\j\rrXKj$s(s*\'Nz|ݪ{]{\uZ9f\\.&:\k\'h\\~hNJF\ܝu\0\\\rz\!\Ü\0D^&\kg\hkKnc\Cڍ9\\3	\9\LM2)TF߱>kNo\\\\\\Wg.Ozv9F#$\\zV$;Xx\hs\TP&~\nfv\\:*\\\'\ʖ?K\L\;\\A~=\SY-z.dTP4\l\exn\b0\E\rѩ\\0\Rf\Es\\"HH\<\Qg4sUq;\\pXJ\v(\_\ͪ\ےb\\\\2\^0IK>)Q)\r\\e؂\'EZfg)W}f\:JpI9򍈪4\+)[)TvV&\wVt\\H1a¢\nI*3i\U\ze\x~?%sBf`\腊\r\0B@/3(!\䱙P;!\\P)\fP\\\+\2\jI,B\Ur\b7AC\\&9\\\>N\0m੨\+[1ӎCv#yA\tS\v\%L\h>\\4@\\\Lw,x\ש\s\)A\5n\͠\XwQ\hwBa\\4\B{v<^-ō\{\0Q9E\sblGo\$++\nyv\\\l\\zd\jIgR*Y{\Ƥ$	w\eCS5(LZ\uU^CqcNUtR\\rE<C\s\\\Kҹ0\B\J$v\n)\XٖLgKM\n@o\\`\Е< 7DZKZQ\QB+)V\\Vf&r>#wIի{.LL>&D\.TJ\\0&7%\V\\b12\0=Ty*:x7$\\($.T.SFÚ\yŇHPhZ<\(`Fg-\ZW>g\.}3:-\0\rRlx\F\.?;\x$LR\0\׽*\l hg\\L\$:\'YL5i\l\\C4!-XD\|ܘT\ԦO\\\Kevot\nop\=8ֈ͎$	ij*\0	薥k\|\ᙤ\\3:LFX\BZ\ӻ\qCC5\\g\b?98ލWbPY2at\IQ:\72Ak\"J\2W=g#,aA\n\+1\PvPߚ9#\\kP-/\K\Z\'Ht	Ir7!\[\#\\2b1\'L\D0\	gHe-\f-\z\_[\zE\je(\e^\'T)HA$zE\E)Z:1zE\*<ʫe3Qaa\2\Q0jM3yӕ\\\\)\\ZL[QyAþ$Κ2\nb&\7~X&#<\')\i2\rZ\fs`O84Зɚx\'u5|^	ͦǘ\rt$̐u\\\>h\ S\F\άÈ^\\0\N\"9\\U\I4؇\\0\Ztp\\o\Oa+\Eæ\0T`\Hz\GTmĎ	:/6 n\nG4qVI	v\usK\L\"m(T~o\7޺G0!y \^\p\783<9]\X\\"Xʮ\iC#_5H\)d=I\\\\&\ZDZ(\z ӫTZ\\(\C\p2*d1\9ҹ\Ó>u\\\~\"Fbaѻ\\rWeYE7\D\AWs\Z\2\kL4Tǎa\'Pl0b6y-0\Ssuׯim\c{R4!/<J4 \t\\\\\\ zLgudSE(\\\V\\e|^\0\	RW<NH\E\VԎJre5CuM~\\"23\r\Џ%PBa ;)XYW傈-PC8ZSG\\\\*\\\`XO/(\>ɤ	y-͕\q\%\HP\4u\\o\+\}\P/\#)]j\.0I\uL\0`g\meZnH\\\n\\S	a2-\0\0>P{\Ч6F+\\&%\rcq7#+AJ6\ǳ1\̀̍$qD \ZIC:½p?00 \\\uE4\\\\?xWJTI\\@q ؍9\V\\1\ZAH\rsNaȀm\Uh;\\4H0A\	\$Dόpt\\\0(y\V=;ha\\r\\\zGD܏>j\A\\0\E\\hJ\P\F̸\3\Hޮ\Z:GJ\sR&񱶽\Vur[l͞\\>K\\\o.\\Z+\2ڷ\6\MJ@󅹋\\ke ʼ\jo>\n\N=g\\\c\\COy\\Z\s|`݇|\rS?\tT;\\nvNӧW\qgq+\8\sfo\ޅ1s\<\K݋|PT8\ml\KjG[Ri\+\l\py\\Ǆ]\7\\\1ûO\l\7\>w5,t	p\oUVԨ\gT\\p\:cv&\\r<tN\A\\\q,ѹG} -\1\V\Z\"9\W9&\\\\Zl/K+MY@*ZVg\#|ִpʐ[\\7B8 f\z>0fa\}7G^\YN\l(kȕD\hkZ\ASy\Xͯ>\0?5N1\\橊ne\n-Q;]w_\v\g,O N\&p\!\D\0w\~,\s\r眛n\\Q\Z%\ZC\@㸣?E\˒\raV\T-2\\B\>OQCz\z+FOZj\؃\ۣ\\c\}\m\Z\8ؽ\n\m\\\0l\:\\\jnV:Nm\R<!s\ħеLl\ؐNY\\nڧA\u;Syc\0v\ٳ0\Y5Y\ik~#\m\*7S\C_P\\0:&Q\C\\R;ڳG^1zL\yP\S@\b\b=WM\O\Vt\}BZiW\\"Lrd֩%8\.\9 \r)\#b\0W2߇D\YB\ŏ͙;>\a[P\\^kfb\;\s\x~\\\\9ֿ6\%wZkBtamg\o[\'A-\\c|ͦO\nD\`\tڻb\\\Ӂ\'%_M\dxv!\\0L\U\\\d\"Xo\\ot:M\>\\.\\\\"i,$2r\\\\iG\Kp\	\\Ow\s\qh\X\":\:\	 q]@	k\rkR\\\5\mܟfPc\<	\4Z\\$譅\!+Q@09\p\"t\LSq\	N!*곞ImCQ3h;\#DZM\0gD~\\p3Yp{}\-q\p4\&z\B\\\S\	;í\SM\Z q{ߤ\!ÿ\h\	Y?D]:ʯl#o\`aʮKM$v@\WdW\;y\BU-7\Z\@M*`]x\<\\mS\1_4؆\c#Dr\Q\'W\\\\0xv\d\[KeA\AE\\Ch gYn2$\\\:}\\4\*W)r\Uckt\0\\'\Rz\"xK\r~\\Z~\jqGQՎ\0Di\#\iF;	L;36v:2\?E\\3\y&\q\{]xVeVڴ!\\0\\\XqOa\WG	[{tVx\Q\\14M<s\\0TgZh\0P4\\D\\\\\*\ao\"\C\\\Y?$N1\\\\n\\yetG\<2XCs\?\GM\0\\0?\\\Ҭeo6bUiE7T\U@X#U[nGb\a.\H\\0սH\0o\\V:\\Y\rfd\LT\\G\\\\0ۍ6\"O\b%T	Fb\؀tx\S\\l\\\\0\0\r\\\,*IZfKg8\0\٘G<V\'c\k!\KLnhמ86kopXtM>!Ɩd}U)W%\;\ƖCf&\\nQg\\)ė^]I\rT\wM=\n%EDr|$jU\Z\\\@\ɴVVUUw޹ n	\\r\fHse\ p$v!kc1\Z\;\\\\hK\{:4fbkf3\0j\\\\r\й)Q+,bet\\f\膹cE\vJ$|U\\γ^T/W0X\FW4\_ӷ\@46zA3?\柺ج@\'\.t0i\\5\0/\"tޢr\\ Ļ\\rX\\d:d\hl\[7\\Tama=n\\Q{rm[^ӣLv\Fg\A\IH q\\r.\>R=\\\{PE\t3	\e5.B\\\v\r\\zd-?#ꢆ;\\'\}GkaT`Щy*?\');
/*!40000 ALTER TABLE `image` ENABLE KEYS */;
UNLOCK TABLES;

--
-- Table structure for table `messaging`
--

DROP TABLE IF EXISTS `messaging`;
/*!40101 SET @saved_cs_client     = @@character_set_client */;
/*!40101 SET character_set_client = utf8 */;
CREATE TABLE `messaging` (
  `sender` varchar(20) DEFAULT NULL,
  `receiver` varchar(20) DEFAULT NULL,
  `rdate` datetime DEFAULT NULL,
  `message` varchar(100) DEFAULT NULL,
  `seen` int(2) DEFAULT '0'
) ENGINE=InnoDB DEFAULT CHARSET=utf8;
/*!40101 SET character_set_client = @saved_cs_client */;

--
-- Dumping data for table `messaging`
--

LOCK TABLES `messaging` WRITE;
/*!40000 ALTER TABLE `messaging` DISABLE KEYS */;
INSERT INTO `messaging` VALUES ('mridhu','meghna','2017-10-31 00:37:17','hey...whats up???',0),('mridhu','meghna','2017-10-31 00:37:38','Happy Diwali',0),('mridhu','vaibhav','2017-10-31 16:08:57','hello how are u',0),('mridhu','meghna','2017-10-31 18:13:39','hello...i am fine... just getting about doing our dbms project',0),('meghna','mridhu','2017-10-31 22:50:10','hello how are you',0),('vaibhav','mridhu','2017-10-31 23:03:45','hi..',0),('vaibhav','mridhu','2017-10-31 23:03:57','hello',0),('mridhu','meghna','2017-11-01 09:19:07','yooo',0),('mridhu','vaibhav','2017-11-01 09:19:07','yooo',0),('mridhu','saikripa','2017-11-01 11:30:43','hello sai',0),('saikripa','mridhu','2017-11-01 11:31:12','hello how are you',0),('saikripa','mridhu','2017-11-01 11:32:03','hello',0),('saikripa','mridhu','2017-11-01 11:32:17','yooo',0),('mridhu','meghna','2017-11-01 12:53:09','abcd',0),('mridhu','vaibhav','2017-11-01 12:53:09','abcd',0),('mridhu','saikripa','2017-11-01 12:53:09','abcd',0),('mridhu','meghna','2017-11-01 13:36:17','heyy allll',0),('mridhu','vaibhav','2017-11-01 13:36:17','heyy allll',0),('mridhu','saikripa','2017-11-01 13:36:17','heyy allll',0),('mridhu','soumok','2017-11-01 13:36:17','heyy allll',0),('meghna','mridhu','2017-11-03 12:56:34','hello alll',0),('meghna','soumok','2017-11-03 12:56:34','hello alll',0),('meghna','mridhula','2017-11-03 12:56:34','hello alll',0),('mridhu','vaibhav','2017-12-03 21:17:01','hello vaibhav',0),('mridhu','meghna','2018-01-16 12:53:02','hiiii',0),('mridhu','vaibhav','2018-01-16 12:53:02','hiiii',0),('mridhu','saikripa','2018-01-16 12:53:02','hiiii',0),('mridhu','soumok','2018-01-16 12:53:02','hiiii',0),('mridhu','saikripa','2018-02-16 15:40:29','hello',0),('mridhu','vaibhav','2018-03-24 13:37:57','hello',0);
/*!40000 ALTER TABLE `messaging` ENABLE KEYS */;
UNLOCK TABLES;

--
-- Table structure for table `newsfeed`
--

DROP TABLE IF EXISTS `newsfeed`;
/*!40101 SET @saved_cs_client     = @@character_set_client */;
/*!40101 SET character_set_client = utf8 */;
CREATE TABLE `newsfeed` (
  `userid` varchar(20) DEFAULT NULL,
  `newcomers` varchar(20) DEFAULT NULL,
  `stsdate` date DEFAULT NULL
) ENGINE=InnoDB DEFAULT CHARSET=utf8;
/*!40101 SET character_set_client = @saved_cs_client */;

--
-- Dumping data for table `newsfeed`
--

LOCK TABLES `newsfeed` WRITE;
/*!40000 ALTER TABLE `newsfeed` DISABLE KEYS */;
INSERT INTO `newsfeed` VALUES ('vaibhav','Bits','2017-10-31'),('mridhu','vit','2017-10-31'),('saikripa','vit','2017-11-01'),('soumok','vit','2017-11-01'),('vetrivelan','vit','2017-11-01'),('mridhula','vit','2017-11-03'),('srinidhi','vit','2018-02-16');
/*!40000 ALTER TABLE `newsfeed` ENABLE KEYS */;
UNLOCK TABLES;

--
-- Table structure for table `proj`
--

DROP TABLE IF EXISTS `proj`;
/*!40101 SET @saved_cs_client     = @@character_set_client */;
/*!40101 SET character_set_client = utf8 */;
CREATE TABLE `proj` (
  `stud` int(10) DEFAULT NULL
) ENGINE=InnoDB DEFAULT CHARSET=utf8;
/*!40101 SET character_set_client = @saved_cs_client */;

--
-- Dumping data for table `proj`
--

LOCK TABLES `proj` WRITE;
/*!40000 ALTER TABLE `proj` DISABLE KEYS */;
INSERT INTO `proj` VALUES (49);
/*!40000 ALTER TABLE `proj` ENABLE KEYS */;
UNLOCK TABLES;

--
-- Table structure for table `qualifications`
--

DROP TABLE IF EXISTS `qualifications`;
/*!40101 SET @saved_cs_client     = @@character_set_client */;
/*!40101 SET character_set_client = utf8 */;
CREATE TABLE `qualifications` (
  `username` varchar(20) DEFAULT NULL,
  `qualification` varchar(50) DEFAULT NULL
) ENGINE=InnoDB DEFAULT CHARSET=utf8;
/*!40101 SET character_set_client = @saved_cs_client */;

--
-- Dumping data for table `qualifications`
--

LOCK TABLES `qualifications` WRITE;
/*!40000 ALTER TABLE `qualifications` DISABLE KEYS */;
INSERT INTO `qualifications` VALUES ('mridhu','Computer programming'),('mridhu','Web Programming'),('mridhu','Playing piano'),('mridhu','listening to music'),('mridhu','playing chess'),('meghna','programming'),('meghna','fine arts'),('vaibhav','playing games'),('mridu','web progrmming'),('saikripa','painting'),('saikripa',''),('saikripa','hiking'),('soumok','Programming'),('soumok','EATING'),('soumok','Sleeping'),('soumok','Bunking '),('mridhula','programming'),('mridhula','piano'),('mridhula','music'),('mridhula','coding'),('srinidhi','12th std');
/*!40000 ALTER TABLE `qualifications` ENABLE KEYS */;
UNLOCK TABLES;

--
-- Table structure for table `usercourses`
--

DROP TABLE IF EXISTS `usercourses`;
/*!40101 SET @saved_cs_client     = @@character_set_client */;
/*!40101 SET character_set_client = utf8 */;
CREATE TABLE `usercourses` (
  `course` varchar(30) DEFAULT NULL,
  `username` varchar(20) DEFAULT NULL
) ENGINE=InnoDB DEFAULT CHARSET=utf8;
/*!40101 SET character_set_client = @saved_cs_client */;

--
-- Dumping data for table `usercourses`
--

LOCK TABLES `usercourses` WRITE;
/*!40000 ALTER TABLE `usercourses` DISABLE KEYS */;
INSERT INTO `usercourses` VALUES ('Dbms Cse2004','mridhu'),('Dsa Ecm1002','mridhu'),('Probability Ece2005','mridhu'),('Analog Ece2003','mridhu'),('Digital Logic Ece2002','mridhu'),('Discrete maths Mat1014','mridhu'),('signals and systemsEce2004','mridhu'),('semiconductor Ece1003','mridhu'),('Circuit thoeryEcm1001','mridhu'),('Dbms Cse2004','meghna'),('Discrete maths Mat1014','meghna'),('Discrete maths Mat1014','vaibhav'),('Dsa Ecm1002','vaibhav'),('Dbms Cse2004','vaibhav'),('Web of thingsEcm1004','vaibhav'),('Oops CSE1002','vaibhav'),('Web of thingsEcm1004','mridu'),('signals and systemsEce2004','saikripa'),('Analog Ece2003','saikripa'),('Digital Logic Ece2002','saikripa'),('Dbms Cse2004','soumok'),('Digital Logic Ece2002','soumok'),('Discrete maths Mat1014','soumok'),('Oops CSE1002','soumok'),('Analog Ece2003','mridhula'),('Circuit thoeryEcm1001','mridhula'),('Dbms Cse2004','mridhula'),('Oops CSE1002','mridhula'),('Dsa Ecm1002','mridhula'),('signals and systemsEce2004','mridhula'),('Digital Logic Ece2002','srinidhi'),('Circuit thoeryEcm1001','srinidhi'),('Dsa Ecm1002','srinidhi'),('signals and systemsEce2004','srinidhi');
/*!40000 ALTER TABLE `usercourses` ENABLE KEYS */;
UNLOCK TABLES;

--
-- Table structure for table `users`
--

DROP TABLE IF EXISTS `users`;
/*!40101 SET @saved_cs_client     = @@character_set_client */;
/*!40101 SET character_set_client = utf8 */;
CREATE TABLE `users` (
  `username` varchar(20) NOT NULL,
  `password` varchar(20) NOT NULL,
  `name` varchar(20) NOT NULL,
  `dob` date NOT NULL,
  `domain_name` varchar(20) NOT NULL,
  `location` varchar(20) NOT NULL,
  `role` varchar(20) NOT NULL,
  `likes` int(4) DEFAULT '0',
  PRIMARY KEY (`username`)
) ENGINE=InnoDB DEFAULT CHARSET=utf8;
/*!40101 SET character_set_client = @saved_cs_client */;

--
-- Dumping data for table `users`
--

LOCK TABLES `users` WRITE;
/*!40000 ALTER TABLE `users` DISABLE KEYS */;
INSERT INTO `users` VALUES ('meghna','Meghana123','meghna','1998-07-24','vit','chennai','student',2),('mridhu','Mridu274','mridhula','1998-04-27','vit','chennai','student',3),('mridhula','Mridu274','mridhula','1998-04-27','vit','chennai','student',0),('mridu','Mridu274','Mridhula','1998-04-27','vit','chennai','student',0),('saikripa','Sai12345','sai kripa','1998-11-14','vit','chennai','student',0),('soumok','Soumo123','soumok','1997-09-27','vit','chennai','student',0),('srinidhi','Sri*1237','srinidhi','1997-12-17','vit','chennai','student',0),('vaibhav','Vaibh123','vaibhav','2001-08-30','Bits','pliani','student',2),('vetrivelan','Vetri123','vetrivelan','1989-07-23','vit','chennai','student',0);
/*!40000 ALTER TABLE `users` ENABLE KEYS */;
UNLOCK TABLES;
/*!50003 SET @saved_cs_client      = @@character_set_client */ ;
/*!50003 SET @saved_cs_results     = @@character_set_results */ ;
/*!50003 SET @saved_col_connection = @@collation_connection */ ;
/*!50003 SET character_set_client  = utf8 */ ;
/*!50003 SET character_set_results = utf8 */ ;
/*!50003 SET collation_connection  = utf8_general_ci */ ;
/*!50003 SET @saved_sql_mode       = @@sql_mode */ ;
/*!50003 SET sql_mode              = 'STRICT_TRANS_TABLES,NO_AUTO_CREATE_USER,NO_ENGINE_SUBSTITUTION' */ ;
DELIMITER ;;
/*!50003 CREATE*/ /*!50017 DEFINER=`root`@`localhost`*/ /*!50003 TRIGGER ins_user AFTER INSERT ON users FOR EACH ROW
       BEGIN
       insert into newsfeed values(new.username,new.domain_name,now());
       end */;;
DELIMITER ;
/*!50003 SET sql_mode              = @saved_sql_mode */ ;
/*!50003 SET character_set_client  = @saved_cs_client */ ;
/*!50003 SET character_set_results = @saved_cs_results */ ;
/*!50003 SET collation_connection  = @saved_col_connection */ ;


-- Dump completed on 2019-01-14  0:28:06
